City,Neighborhood,Address
Minneapolis,Armatage,"2500 West 57th Street Minneapolis, MN 55410"
Minneapolis,Audubon Park,"2600 Johnson Street NE Minneapolis, MN 55418"
Minneapolis,Bancroft,"4120 17th Avenue South Minneapolis, MN 55407"
St Paul,Battle Creek-Highwood,"2105 1/2 Old Hudson Road St. Paul, MN 55119"
Minneapolis,Beltrami,"P.O. Box 18297 Minneapolis, MN 55418"
Minneapolis,Bottineau,"2205 California Street Minneapolis, MN 55418"
Minneapolis,Bryant,"3537 Nicollet Ave Minneapolis, MN 55408"
Minneapolis,Bryn-Mawr,"2915 Wayzata Blvd Minneapolis, MN 55405"
Minneapolis,Cedar Riverside,"420 15th Ave S Minneapolis, MN 55454"
Minneapolis,Cedar-Isles-Dean,"P.O. Box 16270 Minneapolis, MN 55416"
Minneapolis,Central,"3715 Chicago Avenue South Minneapolis, MN 55407"
Minneapolis,Cleveland,"P. O. Box 11635 Minneapolis, MN 55411"
Minneapolis,Columbia Park,"P. O. Box 21593 Minneapolis, MN 55421"
Minneapolis,Como (Minneapolis),"P.O. Box 18460 Minneapolis, MN 55418"
St Paul,Como (St. Paul),"1224 Lexington Pkwy. N St. Paul, MN 55103"
Minneapolis,Cooper,"2727 26th Avenue South Minneapolis, MN 55406"
Minneapolis,Corcoran,"3451 Cedar Ave. S. Minneapolis, MN 55407"
St Paul,Dayton's Bluff,"804 Margaret St. St. Paul, MN 55107"
Minneapolis,Diamond Lake,"5144 13th Avenue S. Minneapolis, MN 55417"
St Paul,Downtown,"370 Wabasha Street North St. Paul, MN 55102"
Minneapolis,Downtown East,"40 South 7th Street Minneapolis, MN 55402"
Minneapolis,Downtown West,"40 South 7th Street Minneapolis, MN 55402"
Minneapolis,East Harriet,"4101 Harriet Ave S Minneapolis, MN 55409"
Minneapolis,East Isles,"2751 Hennepin Avenue S, Minneapolis, MN 55408"
Minneapolis,East Phillips,"2433 Bloomington Ave S Minneapolis, MN 55404"
Minneapolis,ECCO,"2751 Hennepin Ave. South Minneapolis, MN 55408"
Minneapolis,Elliot Park,"810 S. 7th Street Minneapolis, MN 55415"
Minneapolis,Ericsson,"P.O Box #6325 Minneapolis, MN 55406"
Minneapolis,Field,"1620 East 46th Street Minneapolis, MN 55407"
Minneapolis,Folwell,"PO Box 11326 Minneapolis, MN 55412"
St Paul,Frogtown/Thomas-Dale,"501 Dale St. St. Paul, MN 55117"
Minneapolis,Fulton,"Pershing Park, 3523 W. 48th Street Minneapolis, MN 55410"
St Paul,Greater East Side,"1365 Prosperity Ave. St. Paul, MN 55106"
Minneapolis,Hale,"5144 13th Avenue S. Minneapolis, MN 55417"
St Paul,Hamline-Midway,"1558 W Minnehaha Ave. St. Paul, MN 55104"
Minneapolis,Harrison,"503 Irving Ave. N. Minneapolis, MN 55405"
Minneapolis,Hawthorne,"2944 Emerson Avenue North Minneapolis, MN 55411"
Minneapolis,Hiawatha,"2727 26th Avenue South Minneapolis, MN 55406"
St Paul,Highland,"1978 Ford Pkwy St. Paul, MN 55116"
Minneapolis,Holland,"2546 Central Ave NE, Minneapolis, MN 55418"
Minneapolis,Howe,"2727 26th Avenue South Minneapolis, MN 55406"
Minneapolis,Jordan,"2210 Girard Avenue North Minneapolis, MN 55411"
Minneapolis,Keewaydin,"5005-1/2 34th Avenue South Minneapolis, MN 55417"
Minneapolis,Kenny,"P.O. Box 19593 Minneapolis, MN 55419"
Minneapolis,Kenwood,"P.O. Box 2061 Minneapolis, MN 55402"
Minneapolis,King Field,"3754 Pleasant Ave So. Minneapolis, MN 55409"
Minneapolis,Lind-Bohanon,"P.O. Box 29525 Minneapolis, MN 55429"
Minneapolis,Linden Hills,"P.O. Box 24049 Minneapolis, MN 55424"
Minneapolis,Logan Park,"807 Broadway Street NE, Minneapolis, MN 55413"
Minneapolis,Longfellow,"2727 26th Avenue South Minneapolis, MN 55406"
Minneapolis,Loring Park,"1645 Hennepin Ave. S. Minneapolis, MN 55403"
Minneapolis,Lowry Hill,"P.O. Box 3978 Minneapolis, MN 55403"
Minneapolis,Lowry Hill East,"2744 Lyndale Ave S Minneapolis, MN 55408"
Minneapolis,Lyndale,"3537 Nicollet Avenue Minneapolis, MN 55408"
Minneapolis,Lynnhurst,"P.O. Box 19445 Minneapolis, MN 55419-0445"
St Paul,Macalester-Groveland,"320 Griggs St. St. Paul, MN 55105 "
Minneapolis,Marcy Holmes,"500 8th Ave SE Minneapolis, MN 55414"
Minneapolis,Marshall Terrace,"P.O. Box 18180 Minneapolis, MN 55418"
Minneapolis,McKinley,"3300 Lyndale Avenue North Minneapolis, MN 55412"
Minneapolis,Midtown Phillips,"2828 10th Avenue South Minneapolis, MN 55407"
Minneapolis,Minnehaha,"5005-1/2 34th Avenue South Minneapolis, MN 55417"
Minneapolis,Morris Park,"5005-1/2 34th Avenue South Minneapolis, MN 55417"
Minneapolis,Near North,"1303 Golden Valley Road Minneapolis, MN 55411"
Minneapolis,Nicollet Island-East Bank,"500 8th Ave SE Minneapolis, MN 55414"
St Paul,North End,"171 Front St. St. Paul, MN 55117"
Minneapolis,North Loop,"512 River Street Minneapolis, MN 55401"
Minneapolis,Northeast Park,"P. O. Box 18012 Minneapolis, MN 55418"
Minneapolis,Northrop,"1620 East 46th Street Minneapolis, MN 55407"
Minneapolis,Page,"5144 13th Avenue S. Minneapolis, MN 55417"
St Paul,Payne-Phalen,"567 Payne Ave. St. Paul, MN 55130 "
Minneapolis,Phillips West,"2400 Park Av. So. Minneapolis, MN 55404"
Minneapolis,Powderhorn Park,"821-E. 35th St. Minneapolis, MN 55407-2818"
Minneapolis,Prospect Park-East River Road,"P.O. Box 141095 Minneapolis, MN 55414"
Minneapolis,Regina,"1620 East 46th Street Minneapolis, MN 55407"
Minneapolis,Seward,"2525 East Franklin Avenue S. Minneapolis, MN 55406"
Minneapolis,Sheridan,"1304 University Ave NE Minneapolis, MN 55413"
Minneapolis,Shingle Creek,"P.O. Box 15656 Minneapolis, MN 55415"
Minneapolis,South Uptown,"3501 Aldrich Avenue S. Minneapolis, MN 55408"
Minneapolis,St. Anthony East,"P.O. Box 18130 Minneapolis, MN 55418"
St Paul,St. Anthony Park,"P.O. Box 8124, St. Paul, MN 55108"
Minneapolis,St. Anthony West,"909 Main St. NE Minneapolis, MN 55413"
Minneapolis,Standish,"P.O Box #6325 Minneapolis, MN 55406"
Minneapolis,Steven's Square-Loring Heights,"1900 Nicollet Ave Minneapolis, MN 55403-3747"
St Paul,Summit Hill,"860 St. Clair Ave. W St. Paul, MN 55105"
St Paul,Summit-University,"627 Selby Ave. St. Paul, MN 55104"
Minneapolis,Sumner-Glenwood,"1000 Olson Memorial Highway Minneapolis, MN 55411"
Minneapolis,Tangletown,"P. O. Box 19347, Diamond Lake Branch Minneapolis, MN 55419"
St Paul,Union Park,"1821 University Ave. W. St. Paul, MN 55104"
Minneapolis,University of Minnesota,"319 - 15th Avenue S.E. Minneapolis, MN 55455"
Minneapolis,Ventura Village,"1815 13th Ave S Minneapolis, MN 55404"
Minneapolis,Victory,"2200 44th Ave. N. Minneapolis, MN 55412"
Minneapolis,Waite Park,"1810 34th Ave. NE Minneapolis, MN 55418"
Minneapolis,Webber-Camden,"1206 37th Ave. N.. Minneapolis, MN 55412"
Minneapolis,Wenonah,"5005-1/2 34th Avenue South Minneapolis, MN 55417"
Minneapolis,West Calhoun,"3537 Zenith Ave. S. Minneapolis, MN 55416"
St Paul,West Seventh,"882 West 7th Street Saint Paul, MN  55102"
St Paul,West Side,"209 Page St. W St. Paul, MN 55107"
Minneapolis,Whittier,"10 East 25th Street Minneapolis, MN 55404"
Minneapolis,Willard-Hay,"1303 Golden Valley Road Minneapolis, MN 55411"
Minneapolis,Windom,"P.O. Box 19536 Minneapolis, MN 55419"
Minneapolis,Windom Park,"1845 Stinson Parkway NE, Minneapolis, MN 55418"
,,
,,
,,
,,
,,
,,
,,
,,
,,
,,
,,
,,
,,